timer	pos	dir	vel	steering	steering_input	brake	brake_input	throttle	throttle_input	wheelspeed	vel_kmh	is_oob	oob_counter	max_oob_percentage	oob_distance	oob_percentage
0	(127.00747680664062, 27.494001388549805, -28)	(0.0029939995147287846, 0.9999955296516418, 0)	(0, 0, 0)	0	None	0	None	0	None	0	0	False	0	0	1.9914641613000257	0.02569563888423354
0.19600000604987144	(127.00768280029297, 27.495914459228516, -27.970321655273438)	(0.0028772500809282064, 0.9999832510948181, -0.005023712757974863)	(-0.0008161379955708981, 0.08620616048574448, 0.16550935804843903)	-10.191444127535735	0.022105833231269734	0	0	0.5	0.5	0.06335517139394863	1	False	0	0	1.9916472249959591	0.0255345161226338
0.39250001311302185	(127.00728607177734, 27.573925018310547, -27.89894676208496)	(0.002296189311891794, 0.9999971985816956, -0.0005534164374694228)	(0.00690453452989459, 0.7140561938285828, 0.6829226613044739)	-12.245502707259236	0.025047668460135473	0	0	0.8080420962597459	0.8080420962597459	1.8473690472233475	4	False	0	0	1.9903160974391436	0.008658282264206396
0.5475000198930502	(127.00798797607422, 27.69780158996582, -27.78154945373535)	(0.0033578446600586176, 0.999897301197052, -0.013934825547039509)	(-0.00980638712644577, 0.8850218653678894, 0.5255507230758667)	-13.954966078119416	0.027364124221147916	0	0	0.4879708958656397	0.4879708958656397	2.3096140262602485	4	False	0	0	1.9895341307681436	0.0
0.6822500266134739	(127.0111083984375, 27.83587646484375, -27.738107681274414)	(0.003764206077903509, 0.9999819993972778, -0.004659371450543404)	(0.001613754197023809, 1.338469386100769, 0.11210241168737411)	-13.57434792108584	0.02709358435511166	0	0	0.4385644272456484	0.4385644272456484	3.0596751936006243	5	False	0	0	1.991000438280721	0.0
0.796750033274293	(127.01258850097656, 28.012712478637695, -27.744096755981445)	(0.004137983079999685, 0.9999875426292419, 0.00278073619119823)	(0.025893820449709892, 1.84758722782135, -0.0805523544549942)	-15.033125546500859	0.029658707743412786	0	0	0.9999997725342514	0.9999997725342514	1.8692130103805165	7	False	0	0	1.9902506479136615	0.0
0.9047500360757113	(127.01617431640625, 28.24437141418457, -27.752269744873047)	(0.006446859799325466, 0.999939501285553, 0.008923087269067764)	(0.009452911093831062, 2.5619490146636963, -0.12729334831237793)	-15.208382553619545	0.02981852730532603	0	0	0.5636290629671122	0.5636290629671122	2.572389295673004	9	False	0	0	1.990372213851455	0.0
0.9985000398010015	(127.0204849243164, 28.50087547302246, -27.757917404174805)	(0.007955579087138176, 0.9998898506164551, 0.01253111008554697)	(0.05849355459213257, 3.0590176582336426, -0.032326240092515945)	-15.424458650730374	0.03032833370523398	0	0	0.7165772040360018	0.7165772040360018	2.7893156661716603	11	False	0	0	1.9908469979272705	0.0
1.0860000448301435	(127.02558135986328, 28.787641525268555, -27.759614944458008)	(0.010212507098913193, 0.9998307228088379, 0.015303920954465866)	(0.07501614093780518, 3.5667037963867188, 0.014518876560032368)	-15.848774926144735	0.031053044694098864	0	0	0.672615593795617	0.672615593795617	4.217212496361897	13	False	0	0	1.9916550334627807	0.0
1.1755000473931432	(127.03279113769531, 29.13644027709961, -27.76023292541504)	(0.012792735360562801, 0.9997774362564087, 0.016777746379375458)	(0.09975975006818771, 4.132172584533691, 0.027818599715828896)	-15.898697996491748	0.03124311434890475	0	0	0.49741033573105264	0.49741033573105264	4.7381494077080095	15	False	0	0	1.9929785887202598	0.0
1.2595000509172678	(127.04127502441406, 29.499412536621094, -27.761024475097656)	(0.01532037928700447, 0.999748170375824, 0.016398219391703606)	(0.11126253008842468, 4.554019927978516, 0.006138520780950785)	-15.888964784616656	0.03124934122607146	0	0	0.4547637938434256	0.4547637938434256	4.896475984541783	16	False	0	0	1.9945798560154346	0.0
1.3480000561103225	(127.05290985107422, 29.94261932373047, -27.761932373046875)	(0.01834256574511528, 0.9997146129608154, 0.01530296728014946)	(0.1271488070487976, 5.03617000579834, 0.001992980018258095)	-15.847676006444736	0.03099040754513962	0	0	0.3605798315232579	0.3605798315232579	5.207996423852705	18	False	0	0	1.997810440288326	0.0
1.4455000581219792	(127.06743621826172, 30.446544647216797, -27.762563705444336)	(0.02162877842783928, 0.9996734857559204, 0.013607505708932877)	(0.15613329410552979, 5.465657711029053, -0.0004297634295653552)	-15.70291877235535	0.030644026568264926	0	0	0.3178522745869563	0.3178522745869563	5.7469603732991095	20	False	0	0	1.9977036832248927	0.0
1.5395000614225864	(127.08451080322266, 30.98210906982422, -27.763038635253906)	(0.0251462459564209, 0.9996144771575928, 0.011772846803069115)	(0.17392969131469727, 5.817220211029053, 0.0135545264929533)	-15.408561542127014	0.029972779891711324	0	0	0.34898325796515767	0.34898325796515767	5.995924166688211	21	False	0	0	1.9913608979743678	0.0
1.6377500649541616	(127.10594177246094, 31.583789825439453, -27.763141632080078)	(0.02886352315545082, 0.9995229244232178, 0.010992532595992088)	(0.24208106100559235, 6.28462028503418, -0.0181968305259943)	-14.82373817203702	0.028740305631539093	0	0	0.27750711609018125	0.27750711609018125	6.3787258718809134	23	False	0	0	1.9831418382217159	0.0
1.742250069975853	(127.1321792602539, 32.25883483886719, -27.763357162475586)	(0.03278987482190132, 0.9994189739227295, 0.009302442893385887)	(0.30612343549728394, 6.676116466522217, -0.009584738872945309)	-13.952494514546137	0.026815561351432267	0	0	0.32916912460059644	0.32916912460059644	6.7414789580598695	24	False	0	0	1.9720275262481575	0.0
1.8417500741779804	(127.16053009033203, 32.9301643371582, -27.763290405273438)	(0.036436524242162704, 0.9992971420288086, 0.008815307170152664)	(0.3033580780029297, 7.078221321105957, -0.019315889105200768)	-12.304414353494279	0.0235613308857545	0	0	0.3083115399552255	0.3083115399552255	7.313080338211912	26	False	0	0	1.9591052597886298	0.0
1.9370000772178173	(127.19143676757812, 33.618839263916016, -27.763330459594727)	(0.039406027644872665, 0.9991915822029114, 0.007951919920742512)	(0.326223224401474, 7.401590824127197, -0.010363017208874226)	-11.063099956670865	0.021059352356737313	0	0	0.28997927819025276	0.28997927819025276	7.456684805510352	27	False	0	0	1.944011291470002	0.0
2.0375000834465027	(127.22825622558594, 34.40029525756836, -27.76309585571289)	(0.042266543954610825, 0.9990844130516052, 0.006630780175328255)	(0.38821226358413696, 7.780625343322754, -0.005408739671111107)	-9.400437206208286	0.01750176174828423	0	0	0.2838585076940986	0.2838585076940986	7.792450534215239	28	False	0	0	1.925134008056386	0.0
2.1237500878050923	(127.25885009765625, 35.02878189086914, -27.76282501220703)	(0.04424699768424034, 0.9990031719207764, 0.005899137817323208)	(0.4204446077346802, 8.03580379486084, -0.044449400156736374)	-7.434136180937175	0.013918846490333463	0	0	0.29509881133444776	0.29509881133444776	8.064260755010043	29	False	0	0	1.9089135826220711	0.0
2.2000000905245543	(127.28994750976562, 35.65887451171875, -27.762847900390625)	(0.04574611037969589, 0.9989398121833801, 0.005162427667528391)	(0.383960485458374, 8.282041549682617, -0.025549527257680893)	-5.816102159017744	0.010611403796792386	0	0	0.2814250307118601	0.2814250307118601	8.330636412047085	30	False	0	0	1.8916659722166085	0.0
2.2785000931471586	(127.32315063476562, 36.326499938964844, -27.763248443603516)	(0.0472538135945797, 0.9988729953765869, 0.004460942465811968)	(0.40453895926475525, 8.527119636535645, -0.048859983682632446)	-3.7063065715221675	0.006362895732339682	0	0	0.3045298891014285	0.3045298891014285	8.485191181622863	31	False	0	0	1.8724277394617097	0.0
2.3730000983923674	(127.3657455444336, 37.181419372558594, -27.763652801513672)	(0.0487075075507164, 0.998805582523346, 0.003878119168803096)	(0.4660075902938843, 8.815558433532715, 0.03562069311738014)	-0.9551445970671043	0.0006579404404335827	0	0	0.31208004043155907	0.31208004043155907	8.99448114983226	32	False	0	0	1.8463046267772245	0.0
2.4745001029223204	(127.41024780273438, 38.09170150756836, -27.764060974121094)	(0.04902849718928337, 0.9987915754318237, 0.0034031851682811975)	(0.45104464888572693, 9.143457412719727, -0.016697654500603676)	2.1376021802092606	-0.0053196605528558006	0	0	0.29745422897170504	0.29745422897170504	9.243651913112602	33	False	0	0	1.8169522179904023	0.0
2.574000107124448	(127.45391082763672, 39.01097869873047, -27.76439666748047)	(0.048414021730422974, 0.9988225698471069, 0.0030970913358032703)	(0.43778496980667114, 9.43247127532959, -0.032383136451244354)	5.065599321102597	-0.011052379025410178	0	0	0.29353478700024305	0.29353478700024305	9.547789317724913	34	False	0	0	1.7860903032399198	0.0
2.674000110477209	(127.4975357055664, 39.97557830810547, -27.76465606689453)	(0.046695731580257416, 0.9989051222801208, 0.002839505672454834)	(0.4184982478618622, 9.704602241516113, 0.012062187306582928)	7.755351915342473	-0.016180855537072075	0	0	0.2829652475138895	0.2829652475138895	9.814190369449456	35	False	0	0	1.7530330928152833	0.0
2.777750115841627	(127.54102325439453, 41.01068878173828, -27.76512908935547)	(0.043776072561740875, 0.9990381002426147, 0.0025379955768585205)	(0.3987252414226532, 9.983771324157715, 0.03125930204987526)	10.042360694223499	-0.02037059812418138	0	0	0.2897903738833297	0.2897903738833297	10.092427728018167	36	False	0	0	1.7158846840882807	0.0
2.883250121027231	(127.58136749267578, 42.07766342163086, -27.765626907348633)	(0.03968825936317444, 0.999209463596344, 0.002330235205590725)	(0.3576507568359375, 10.26209831237793, 0.013506755232810974)	11.885042772424429	-0.02411930377236789	0	0	0.29478580635981744	0.29478580635981744	10.338194347261613	37	False	0	0	1.675417123357781	0.0
2.981250125914812	(127.61429595947266, 43.07286834716797, -27.766212463378906)	(0.0351533517241478, 0.9993797540664673, 0.0020773846190422773)	(0.31191104650497437, 10.519180297851562, -0.010481669567525387)	13.879133690841236	-0.027930998122329596	0	0	0.2825761038260934	0.2825761038260934	10.607836659771598	38	False	0	0	1.6373747352250052	0.0
3.0825001299381256	(127.6446762084961, 44.176116943359375, -27.766895294189453)	(0.029403524473309517, 0.9995661973953247, 0.001701523084193468)	(0.2603166103363037, 10.750997543334961, 0.0017306653317064047)	15.810156408821646	-0.03190260489461588	0	0	0.2721079927358094	0.2721079927358094	10.925343736073504	39	False	0	0	1.5940187815962985	0.0
3.191500134766102	(127.66944122314453, 45.380828857421875, -27.767410278320312)	(0.022395150735974312, 0.9997484087944031, 0.0012517217546701431)	(0.18136295676231384, 11.000123023986816, 0.0003360260743647814)	18.029813845766657	-0.036335438991884184	0	0	0.27265217520020496	0.27265217520020496	11.148867021842044	40	False	0	0	1.5443560245754056	0.0
3.2995001394301653	(127.68424987792969, 46.565025329589844, -27.767732620239258)	(0.01464677881449461, 0.9998923540115356, 0.0008732009446248412)	(0.09920884668827057, 11.234251022338867, -0.006827809847891331)	20.391794022246586	-0.04089511989577108	0	0	0.2665758173358489	0.2665758173358489	11.353918171356284	40	False	0	0	1.4947137090131228	0.0
3.4062501452863216	(127.68844604492188, 47.793121337890625, -27.768051147460938)	(0.005611508619040251, 0.9999842643737793, 0.00035406602546572685)	(-0.015221115201711655, 11.465387344360352, 0.010060390457510948)	22.538481458585334	-0.04510458755208726	0	0	0.2630473234440191	0.2630473234440191	11.595154941850065	41	False	0	0	1.4416684078236108	0.0
3.517500152811408	(127.67974853515625, 49.07081604003906, -27.768320083618164)	(-0.004712850786745548, 0.9999889731407166, -0.00015336026262957603)	(-0.14668044447898865, 11.663558006286621, -0.021263331174850464)	24.794584760237445	-0.04951258165997808	0	0	0.2570036915637493	0.2570036915637493	11.82150906069102	42	False	0	0	1.3843214851456382	0.0
3.6205001566559076	(127.65914154052734, 50.24643325805664, -27.768619537353516)	(-0.014957387000322342, 0.9998878836631775, -0.0006625092937611043)	(-0.2715936601161957, 11.84278392791748, -0.017523188143968582)	26.93489856368827	-0.05348396502459338	0	0	0.24793772499894473	0.24793772499894473	11.964311780690185	43	False	0	0	1.3309513781647757	0.0
3.718250161036849	(127.62569427490234, 51.4211311340332, -27.768936157226562)	(-0.025937067344784737, 0.9996628165245056, -0.0012147261295467615)	(-0.41207271814346313, 12.008718490600586, -0.012653828598558903)	28.716302033604865	-0.056968390578426585	0	0	0.2441552292727583	0.2441552292727583	12.079158714554636	43	False	0	0	1.2927296010554818	0.0
3.8227501660585403	(127.5739974975586, 52.69356155395508, -27.769235610961914)	(-0.038728389889001846, 0.9992482662200928, -0.0017181048169732094)	(-0.5712152719497681, 12.169618606567383, 0.007005757186561823)	30.48866312993961	-0.06047048698395195	0	0	0.23547074196216164	0.23547074196216164	12.28924488553647	44	False	0	0	1.2828734853659247	0.0
3.925250170752406	(127.50688171386719, 53.93628692626953, -27.769479751586914)	(-0.05223911628127098, 0.9986322522163391, -0.002178506925702095)	(-0.7462932467460632, 12.31253433227539, -0.01049708854407072)	32.11081017912553	-0.06349354791881189	0	0	0.22936828124268177	0.22936828124268177	12.384902027704243	44	False	0	0	1.3017816460570666	0.0
4.011000173166394	(127.44036865234375, 54.935096740722656, -27.769678115844727)	(-0.0637894794344902, 0.9979600310325623, -0.002569185569882393)	(-0.9145656824111938, 12.425583839416504, 0.0023186304606497288)	33.11365655565882	-0.0652383817916581	0	0	0.226658767125504	0.226658767125504	12.573761629694916	45	False	0	0	1.3345674728102117	0.0
4.097250177524984	(127.35318756103516, 56.03910827636719, -27.76982307434082)	(-0.07722197473049164, 0.9970098733901978, -0.002848457545042038)	(-1.069465160369873, 12.526434898376465, 0.0031739864498376846)	33.82798076737355	-0.06653340513017005	0	0	0.22315306082125297	0.22315306082125297	12.650180871081043	45	False	0	0	1.387153687310834	0.0
4.190250181593001	(127.24495697021484, 57.20896911621094, -27.76995849609375)	(-0.09164062887430191, 0.9957870244979858, -0.0031751333735883236)	(-1.264177680015564, 12.621626853942871, 0.017871130257844925)	34.228857875536065	-0.06734290460725276	0	0	0.2200821098868154	0.2200821098868154	12.845779342555778	46	False	0	0	1.459983106145021	0.0
4.275500186719	(127.13053131103516, 58.28620910644531, -27.770048141479492)	(-0.1050693616271019, 0.994458794593811, -0.003479557577520609)	(-1.442865252494812, 12.709053993225098, -0.01277470774948597)	35.25121661044893	-0.06961184596792633	0	0	0.2145901957404254	0.2145901957404254	12.819821482467269	46	False	0	0	1.5382286947703734	0.0
4.368500190787017	(126.9831771850586, 59.504608154296875, -27.770376205444336)	(-0.12054719030857086, 0.9927006363868713, -0.0037231899332255125)	(-1.6498526334762573, 12.81168270111084, -0.02141994796693325)	36.947840496448634	-0.07326370475739499	0	0	0.20553334621685673	0.20553334621685673	13.01908291695856	47	False	0	0	1.638278052781538	0.0
4.461500195786357	(126.82093811035156, 60.68523406982422, -27.770841598510742)	(-0.1365639567375183, 0.9906231760978699, -0.0040181418880820274)	(-1.8803855180740356, 12.86085319519043, -0.006069927476346493)	38.989712953596914	-0.07743451275651625	0	0	0.19707899697856188	0.19707899697856188	13.08543183433302	47	False	0	0	1.745405948627862	0.0
4.562750201672316	(126.6130599975586, 62.01984405517578, -27.771516799926758)	(-0.15619724988937378, 0.9877159595489502, -0.0044418019242584705)	(-2.1247012615203857, 12.931694030761719, -0.03773799538612366)	41.391782172934505	-0.08222469621546453	0	0	0.19436067945647287	0.19436067945647287	13.193959774648327	47	False	0	0	1.8755964759156347	0.0
4.668000204488635	(126.37252044677734, 63.38247299194336, -27.772090911865234)	(-0.17726409435272217, 0.9841523766517639, -0.0046378555707633495)	(-2.4471869468688965, 12.94994068145752, 0.00376962055452168)	44.102426781716694	-0.0879642557023979	0	0	0.1833428518315352	0.1833428518315352	13.312283116587244	47	False	0	0	1.9854618974491314	0.0
4.768250206485391	(126.11589813232422, 64.67349243164062, -27.772737503051758)	(-0.1985035538673401, 0.9800870418548584, -0.0050658537074923515)	(-2.7362380027770996, 12.97900390625, -0.027730228379368782)	47.46331721312747	-0.09443371325584511	0	0	0.1770301331112297	0.1770301331112297	13.33368554303036	48	False	0	0	1.851560820623483	0.0
4.877250211313367	(125.78767395019531, 66.13726806640625, -27.77334213256836)	(-0.2243432253599167, 0.9744943380355835, -0.005569922272115946)	(-3.1117236614227295, 12.969305038452148, 0.040193360298871994)	51.241164660568096	-0.10198849799077164	0	0	0.1750446860304818	0.1750446860304818	13.444331904040013	48	False	0	0	1.6984726532790255	0.0
4.980000214651227	(125.46300506591797, 67.42687225341797, -27.773944854736328)	(-0.24879562854766846, 0.9685370922088623, -0.006043802015483379)	(-3.4427192211151123, 12.924893379211426, -0.0030609071254730225)	55.19451625932353	-0.10993545061290118	0	0	0.16416814039152358	0.16416814039152358	13.464481166307118	48	False	0	0	1.5686419601253156	0.0
5.078250218182802	(125.11368560791016, 68.67681121826172, -27.77463150024414)	(-0.27389398217201233, 0.961737334728241, -0.006577200721949339)	(-3.7922322750091553, 12.888598442077637, -0.0185389444231987)	59.40063208581499	-0.11821335034148962	0	0	0.152258169946822	0.152258169946822	13.57443924586497	48	False	0	0	1.4524674765358836	0.0
5.176250223070383	(124.71243286132812, 69.9717025756836, -27.775291442871094)	(-0.3018346130847931, 0.9533342719078064, -0.007049755658954382)	(-4.160398960113525, 12.810997009277344, 0.03201095387339592)	64.04545646105173	-0.1279769597977902	0	0	0.15633376535872048	0.15633376535872048	13.568074348612235	48	False	0	0	1.3433565952508764	0.011712456837573604
5.273000227287412	(124.30480194091797, 71.16146850585938, -27.775949478149414)	(-0.32955676317214966, 0.9441055059432983, -0.007557565812021494)	(-4.577290058135986, 12.703794479370117, -0.026631776243448257)	69.87719335574235	-0.13810099120598965	0	0	0.15221560481821086	0.15221560481821086	13.461013947054536	49	False	0	0	1.25707103357082	0.03287972664487848
5.359000233002007	(123.90007781982422, 72.23990631103516, -27.776517868041992)	(-0.35627567768096924, 0.9343470931053162, -0.007947065867483616)	(-4.934810638427734, 12.58542537689209, -0.05025143921375275)	72.33841842032604	-0.14280860945072776	0	0	0.1479920734256566	0.1479920734256566	13.524258722524069	49	False	0	0	1.1970023211991907	0.05387933845733306
5.449500236660242	(123.42251586914062, 73.40362548828125, -27.77691650390625)	(-0.38639646768569946, 0.9222961664199829, -0.008221728727221489)	(-5.359764575958252, 12.421930313110352, 0.013359492644667625)	74.71356249423063	-0.1473227978531222	0	0	0.14473531139487172	0.14473531139487172	13.581019201317567	49	False	0	0	1.1581434926237817	0.07259600861131876
5.556250242516398	(122.8095703125, 74.7571792602539, -27.777368545532227)	(-0.42283686995506287, 0.9061646461486816, -0.008639898151159286)	(-5.827419757843018, 12.230684280395508, 0.03279873728752136)	76.16814264906337	-0.1496860468958483	0	0	0.1400399987287368	0.1400399987287368	13.543641590180563	49	False	0	0	1.1557109496459808	0.07851009500258654
5.663750246167183	(122.1712646484375, 76.03120422363281, -27.777896881103516)	(-0.45797058939933777, 0.8889207243919373, -0.009100370109081268)	(-6.286801338195801, 11.988425254821777, 0.04443521797657013)	76.82878231907287	-0.15043658926046108	0	0	0.10604455080724867	0.10604455080724867	13.607226687095597	49	False	0	0	1.1911287494570075	0.06516778602274509
5.755750249139965	(121.59774017333984, 77.07955932617188, -27.778398513793945)	(-0.48722830414772034, 0.8732202053070068, -0.009750878438353539)	(-6.66334342956543, 11.71961784362793, 0.017747316509485245)	76.43591224696445	-0.14956240356577746	0	0	0.12397301705531501	0.12397301705531501	13.632287617779827	49	False	0	0	1.247191301051672	0.045718515014773864
5.860500254668295	(120.82977294921875, 78.36666870117188, -27.778331756591797)	(-0.5231797099113464, 0.8521609306335449, -0.010231386870145798)	(-7.131805419921875, 11.4495267868042, 0.03713468834757805)	75.58119292269542	-0.14774401946003873	0	0	0.13906714361493558	0.13906714361493558	13.603079873442175	49	False	0	0	1.3480731650696756	0.01902626415905706
5.97250025998801	(120.0125961303711, 79.61598205566406, -27.778169631958008)	(-0.5579065680503845, 0.8298454284667969, -0.009840203449130058)	(-7.6143364906311035, 11.120895385742188, -0.03801892697811127)	74.92866172479674	-0.14625896354476514	0	0	0.14332647842440177	0.14332647842440177	13.529745039587315	49	False	0	0	1.4590684137664816	0.0006024840220303362
6.079250262118876	(119.19332122802734, 80.76605224609375, -27.77786636352539)	(-0.5894767642021179, 0.8077282905578613, -0.009598055854439735)	(-8.051929473876953, 10.825754165649414, -0.01227238867431879)	72.96998908812056	-0.1423188195773329	0	0	0.14731630070092758	0.14731630070092758	13.473535470348326	49	False	0	0	1.5754078107391902	0.0
6.1827502669766545	(118.3239517211914, 81.89402770996094, -27.77760887145996)	(-0.6198183298110962, 0.7846909761428833, -0.009227700531482697)	(-8.451043128967285, 10.533955574035645, -0.004695898853242397)	70.88710248059537	-0.1381496282216643	0	0	0.15468330247118875	0.15468330247118875	13.556574072373376	49	False	0	0	1.6977368908099204	0.0
6.286750270985067	(117.43609619140625, 82.96218872070312, -27.777175903320312)	(-0.6477868556976318, 0.7617715001106262, -0.008740699850022793)	(-8.84743595123291, 10.240330696105957, 0.007963241077959538)	68.61085976571106	-0.13357845608189184	0	0	0.17106529262875983	0.17106529262875983	13.58956480345351	49	False	0	0	1.8135903271058753	0.0
6.386500277556479	(116.55919647216797, 83.94686126708984, -27.77682113647461)	(-0.6727623343467712, 0.7398119568824768, -0.008313884027302265)	(-9.199918746948242, 9.970268249511719, 0.02559085190296173)	66.21344226187126	-0.12877542067140377	0	0	0.17062208090558342	0.17062208090558342	13.616283481224428	49	False	0	0	1.9207127788805871	0.0
6.479000282473862	(115.70306396484375, 84.84944152832031, -27.77643394470215)	(-0.6950763463973999, 0.718893826007843, -0.0077868071384727955)	(-9.52381706237793, 9.728893280029297, -0.00899258442223072)	63.65911449573506	-0.12385222570653037	0	0	0.17948718683104745	0.17948718683104745	13.69955985299001	49	False	0	0	1.9814104365020182	0.0
6.568750284612179	(114.8301010131836, 85.71748352050781, -27.776168823242188)	(-0.7157038450241089, 0.6983628869056702, -0.0075788372196257114)	(-9.817608833312988, 9.50882625579834, 0.0014013469917699695)	61.24534671880604	-0.11908287113813172	0	0	0.18659974913697625	0.18659974913697625	13.708162224118908	49	False	0	0	1.89188045353787	0.0
6.656750289723277	(113.96497344970703, 86.53154754638672, -27.775840759277344)	(-0.7343785166740417, 0.6787033677101135, -0.007053409703075886)	(-10.124101638793945, 9.277335166931152, 0.017377575859427452)	58.887381502987715	-0.1143131267607605	0	0	0.1944450614071006	0.1944450614071006	13.819883983009627	49	False	0	0	1.81326526432564	0.0
6.736750293523073	(113.16603088378906, 87.24662780761719, -27.77553939819336)	(-0.7502009868621826, 0.6611746549606323, -0.0068351696245372295)	(-10.380758285522461, 9.049944877624512, 0.03297717124223709)	56.481905838009354	-0.11001015699927492	0	0	0.19387206497779047	0.19387206497779047	13.943279888202413	50	False	0	0	1.7496131593735913	0.0
6.817250296473503	(112.29745483398438, 87.98793029785156, -27.775352478027344)	(-0.7660396099090576, 0.6427605152130127, -0.0065101273357868195)	(-10.622417449951172, 8.866889953613281, -0.031139463186264038)	54.53955653635104	-0.10611401902044221	0	0	0.1984338286979793	0.1984338286979793	14.001937407375141	50	False	0	0	1.6897040600012887	0.0
6.905250300653279	(111.33686828613281, 88.76775360107422, -27.775197982788086)	(-0.7821220755577087, 0.6230937838554382, -0.006265982054173946)	(-10.888662338256836, 8.630271911621094, 0.004053900949656963)	52.34648728567959	-0.10166794802392115	0	0	0.21236266722604524	0.21236266722604524	14.017236008486801	50	False	0	0	1.6345461990024188	0.0
7.000250305980444	(110.27385711669922, 89.58677673339844, -27.774948120117188)	(-0.7982549071311951, 0.6022917032241821, -0.005821508355438709)	(-11.192848205566406, 8.40443229675293, 0.025082997977733612)	49.921739439736925	-0.0968768791014946	0	0	0.21069486748245722	0.21069486748245722	14.1855614331059	50	False	0	0	1.5857131261109592	0.0
7.100000310689211	(109.13484954833984, 90.4177474975586, -27.774736404418945)	(-0.8139173984527588, 0.580954909324646, -0.005462708882987499)	(-11.482510566711426, 8.174013137817383, -0.015270530246198177)	47.437566168904965	-0.09166648701845678	0	0	0.22313446602502388	0.22313446602502388	14.290119929357123	51	False	0	0	1.549236171946175	0.0
7.200500313192606	(107.96729278564453, 91.22457885742188, -27.77448272705078)	(-0.8284454345703125, 0.5600472092628479, -0.0050380174070596695)	(-11.757024765014648, 7.931972980499268, -0.0019443784840404987)	44.64474357401562	-0.08634465467499598	0	0	0.22602712299734198	0.22602712299734198	14.3266873533889	51	False	0	0	1.5290206235224653	0.0
7.308500317856669	(106.66690063476562, 92.07524108886719, -27.774211883544922)	(-0.842811644077301, 0.5381876826286316, -0.004749341402202845)	(-12.042401313781738, 7.687771797180176, 0.010176100768148899)	41.80697190314888	-0.08093756965533387	0	0	0.2295017167897361	0.2295017167897361	14.420054166921648	51	False	0	0	1.5225944604723727	0.0
7.414250321686268	(105.37779998779297, 92.87342834472656, -27.774002075195312)	(-0.8555173873901367, 0.5177544355392456, -0.004488361533731222)	(-12.342243194580078, 7.424070358276367, -0.015704965218901634)	39.33228919410678	-0.07625295797093275	0	0	0.2304887285233302	0.2304887285233302	14.532792574244425	52	False	0	0	1.5379184559400039	0.0
7.515250325202942	(104.1136703491211, 93.61695098876953, -27.773725509643555)	(-0.8665757179260254, 0.4990277886390686, -0.004216589964926243)	(-12.584342002868652, 7.219968795776367, 0.04512505605816841)	37.29432115122471	-0.07237636304993061	0	0	0.23135504279960847	0.23135504279960847	14.681350382487711	52	False	0	0	1.5684794166527585	0.0
7.622000331059098	(102.75740814208984, 94.37557220458984, -27.773561477661133)	(-0.8772259950637817, 0.48005911707878113, -0.00421629985794425)	(-12.832502365112305, 7.007205486297607, 0.04017998278141022)	35.649752202172955	-0.06955465997016774	0	0	0.22953847120282841	0.22953847120282841	14.760347479741391	53	False	0	0	1.6165140520320125	0.0
7.728250337764621	(101.38755798339844, 95.10394287109375, -27.773479461669922)	(-0.8869842886924744, 0.46177956461906433, -0.00428016809746623)	(-13.074026107788086, 6.796228408813477, 0.0033054533414542675)	34.97810681934194	-0.06848039535935241	0	0	0.2305718715236369	0.2305718715236369	14.89220809543907	53	False	0	0	1.666750996998079	0.0
7.83575034327805	(99.98635864257812, 95.81207275390625, -27.773433685302734)	(-0.8962709307670593, 0.4434857964515686, -0.0043212794698774815)	(-13.305937767028809, 6.569766998291016, -0.0001429370604455471)	34.91134815401931	-0.06835861606505787	0	0	0.22940221079825715	0.22940221079825715	15.000404894543529	53	False	0	0	1.724288708335588	0.0
7.935750346630812	(98.63233184814453, 96.46263885498047, -27.773456573486328)	(-0.9047532677650452, 0.4259127080440521, -0.004470283165574074)	(-13.507967948913574, 6.30876350402832, -0.00507084745913744)	34.887693019250435	-0.06843645506190335	0	0	0.20463404682295452	0.20463404682295452	15.021825073669602	54	False	0	0	1.7790436188788081	0.0
8.032750349491835	(97.35027313232422, 97.04930877685547, -27.773574829101562)	(-0.9123347997665405, 0.4094175398349762, -0.004743869882076979)	(-13.690404891967773, 6.098726749420166, -0.019052661955356598)	35.531255287026845	-0.07060062491573418	0	0	0.20118946668092505	0.20118946668092505	15.11704341475838	54	False	0	0	1.8333659336118517	0.0
8.122500353492796	(96.13483428955078, 97.57923889160156, -27.773906707763672)	(-0.9193187355995178, 0.39347949624061584, -0.005194986704736948)	(-13.874768257141113, 5.8757829666137695, -0.006896892562508583)	37.76721965689101	-0.07500554597955446	0	0	0.19560349215055362	0.19560349215055362	15.186861917413069	54	False	0	0	1.8842729938780152	0.0
8.212000357918441	(94.86306762695312, 98.10600280761719, -27.774341583251953)	(-0.926576554775238, 0.37606674432754517, -0.005453608930110931)	(-14.004148483276367, 5.649929523468018, -0.017457645386457443)	40.48990196432872	-0.08082817163985445	0	0	0.1849943721420433	0.1849943721420433	15.243302695081073	54	False	0	0	1.9357091904404053	0.0
8.30750036239624	(93.51274871826172, 98.63317108154297, -27.774843215942383)	(-0.9343568086624146, 0.35628658533096313, -0.006099861580878496)	(-14.171226501464844, 5.347529411315918, -0.016187390312552452)	44.122677005140446	-0.08814924699931874	0	0	0.17954481033980763	0.17954481033980763	15.19906863710385	55	False	0	0	1.9923661287939463	0.0
8.406000366434455	(92.09270477294922, 99.15058898925781, -27.775362014770508)	(-0.9426335096359253, 0.33376985788345337, -0.006306523457169533)	(-14.358574867248535, 5.0330047607421875, 0.0029237442649900913)	48.46436051665432	-0.09674949013375468	0	0	0.1704847112030449	0.1704847112030449	15.46824362303379	55	False	0	0	1.9489666086733872	0.0
8.509750373661518	(90.58788299560547, 99.65530395507812, -27.77615737915039)	(-0.951409101486206, 0.30784884095191956, -0.0070575205609202385)	(-14.507430076599121, 4.629864692687988, 8.108699694275856e-05)	53.17381486604495	-0.10638700463105874	0	0	0.15714986629916375	0.15714986629916375	15.35192479028162	55	False	0	0	1.8840988009492712	0.0
8.615750377997756	(89.02959442138672, 100.12779235839844, -27.777034759521484)	(-0.9604372978210449, 0.2783907949924469, -0.007662988267838955)	(-14.693845748901367, 4.226742267608643, -0.023983675986528397)	58.16103561510544	-0.11649714392877582	0	0	0.14920535635163062	0.14920535635163062	15.463554747481423	55	False	0	0	1.8151653455620462	0.0
8.711250381544232	(87.6552734375, 100.49990844726562, -27.77781867980957)	(-0.9681559801101685, 0.2502201497554779, -0.007994667626917362)	(-14.806772232055664, 3.795520782470703, -0.0019995837938040495)	63.18626411987202	-0.1253592519785206	0	0	0.06956956078861187	0.06956956078861187	15.435818712539625	55	False	0	0	1.7495719855022698	0.0
8.813250387087464	(86.126708984375, 100.86237335205078, -27.779306411743164)	(-0.9762729406356812, 0.2163306325674057, -0.00959307886660099)	(-14.747915267944336, 3.2282726764678955, -0.0033307508565485477)	67.20296217728992	-0.1330917783078094	0	0	0	0	14.990215680747395	54	False	0	0	1.6730970618986274	0.0
8.918250393122435	(84.55135345458984, 101.17572784423828, -27.78158950805664)	(-0.9840131402015686, 0.17757149040699005, -0.01365447137504816)	(-14.635643005371094, 2.610820770263672, -0.012198993936181068)	70.4174322225569	-0.13817400032653931	0	0	0	0	14.655047866663647	54	False	0	0	1.5871326198313438	0.0
9.03025039844215	(82.92478942871094, 101.43199920654297, -27.782609939575195)	(-0.9906893372535706, 0.13525359332561493, -0.015526354312896729)	(-14.521159172058105, 1.9422496557235718, -0.010235445573925972)	71.05723620011314	-0.13965835099222734	0	0	0	0	14.603567664889152	53	False	0	0	1.4939270238971603	0.0
9.134500402957201	(81.4425048828125, 101.60405731201172, -27.782917022705078)	(-0.9952816963195801, 0.09568677842617035, -0.016076121479272842)	(-14.396005630493164, 1.3906962871551514, -4.3350737541913986e-05)	71.21325843970727	-0.13882728081841308	0	0	0	0	14.516166467044638	52	False	0	0	1.4017797174385478	0.0017453311377721992
9.225000405684114	(80.17141723632812, 101.7044448852539, -27.78273582458496)	(-0.9979569315910339, 0.0617569163441658, -0.01637052372097969)	(-14.25443172454834, 0.9027631282806396, 0.02949843369424343)	69.25698615453452	-0.1348912692071571	0	0	0	0	14.264534545082668	51	False	0	0	1.319751886602493	0.014482826536986959
9.317500409670174	(78.87480163574219, 101.76215362548828, -27.78236961364746)	(-0.9994831085205078, 0.02757774107158184, -0.01652047410607338)	(-14.080547332763672, 0.39717498421669006, 0.004783369600772858)	66.46140297338083	-0.12893439978075813	0	0	0.013354890590402846	0.013354890590402846	14.08719997774895	51	False	0	0	1.2604055814778106	0.027402713130214917
9.408750413917005	(77.59939575195312, 101.77578735351562, -27.78145980834961)	(-0.999853253364563, -0.004937109537422657, -0.01640396937727928)	(-13.96927547454834, -0.08477934449911118, 0.047981902956962585)	62.84359542333325	-0.12110541511751959	0	0	0.08953193490292047	0.08953193490292047	14.032109207129643	50	False	0	0	1.244909526126487	0.031934825346471185
9.491000418551266	(76.4570083618164, 101.75382232666016, -27.780242919921875)	(-0.999353289604187, -0.03252042829990387, -0.015344493091106415)	(-13.900174140930176, -0.4248492419719696, 0.019167985767126083)	57.17700075884858	-0.1092601931310552	0	0	0.1248905180456994	0.1248905180456994	14.021608780867158	50	False	0	0	1.2697592885332454	0.02784284414940874
9.595250423066318	(74.92520904541016, 101.67786407470703, -27.77815818786621)	(-0.9977249503135681, -0.06617536395788193, -0.012879024259746075)	(-13.913209915161133, -0.9088302254676819, 0.06741131842136383)	48.2468429519979	-0.08975052504726935	0	0	0.13974594975851407	0.13974594975851407	14.025726418599254	50	False	0	0	1.344245557835914	0.01293408244631089
9.709750429727137	(73.3279800415039, 101.54971313476562, -27.776384353637695)	(-0.9953861236572266, -0.09538103640079498, -0.01043742336332798)	(-13.848461151123047, -1.3055275678634644, 0.03460931405425072)	35.17554681220644	-0.06285250488503943	0	0	0.16606784605685831	0.16606784605685831	14.031884186845078	50	False	0	0	1.4742762556728393	2.194528897592196e-05
9.819750434719026	(71.82099914550781, 101.39274597167969, -27.774667739868164)	(-0.9931930303573608, -0.11611463874578476, -0.009217331185936928)	(-13.873170852661133, -1.5635794401168823, 0.020619329065084457)	19.93710280594293	-0.0326407493788514	0	0	0.17168726134256573	0.17168726134256573	14.131235486272868	50	False	0	0	1.6232265113274582	0.0
9.923500438220799	(70.4162368774414, 101.22508239746094, -27.772850036621094)	(-0.9917230606079102, -0.128152996301651, -0.007882403209805489)	(-13.872342109680176, -1.724716305732727, 0.03334180265665054)	4.370458484394673	-0.002591605738897538	0	0	0.17824729915389706	0.17824729915389706	14.113705274856446	50	False	0	0	1.787713276476695	0.0
10.022750441916287	(69.03717803955078, 101.05105590820312, -27.77115249633789)	(-0.991211473941803, -0.13209521770477295, -0.007113379891961813)	(-13.917214393615723, -1.7648297548294067, 0.011999225243926048)	-10.10244236946869	0.025543152094293507	0	0	0.17823723432587224	0.17823723432587224	14.199240577767434	51	False	0	0	1.9669523065557406	0.0
10.123000445775688	(67.63687133789062, 100.8761215209961, -27.7694149017334)	(-0.991756021976471, -0.1279725730419159, -0.006565864197909832)	(-13.940585136413574, -1.6928731203079224, 0.001824073726311326)	-24.403839115002096	0.05361146425111317	0	0	0.1703431948469306	0.1703431948469306	14.236588768940988	51	False	0	0	1.8334340316361355	0.0
10.23125045094639	(66.08949279785156, 100.69861602783203, -27.7676944732666)	(-0.9934037327766418, -0.11447931826114655, -0.006593173835426569)	(-13.983710289001465, -1.4838730096817017, 0.00672916229814291)	-38.9773292727607	0.08232979073438361	0	0	0.15497847366857723	0.15497847366857723	14.281088970135833	51	False	0	0	1.5902002875581218	0.0
10.342500454746187	(64.53550720214844, 100.54998016357422, -27.766450881958008)	(-0.9957030415534973, -0.09232386201620102, -0.0071940855123102665)	(-13.989537239074707, -1.1702830791473389, 0.01050885021686554)	-52.281972306757446	0.1074018162183999	0	0	0	0	14.270866742214656	51	False	0	0	1.3278454045453254	0.0
10.435500459745526	(63.309146881103516, 100.46099090576172, -27.766685485839844)	(-0.9975586533546448, -0.06920330226421356, -0.009364238940179348)	(-13.77066421508789, -0.8225175142288208, 0.019578274339437485)	-61.75036594041811	0.12339332239921105	0	0	0	0	13.815328017505813	50	False	0	0	1.1115860459488784	0.0
10.53000046312809	(61.99290084838867, 100.40023040771484, -27.76678466796875)	(-0.9991434812545776, -0.03924810513854027, -0.013113964349031448)	(-13.59954833984375, -0.4278838634490967, 0.020987259224057198)	-67.56870025740022	0.1347703971899896	0	0	0	0	13.813167409516153	49	False	0	0	0.8741997557948462	0.004820630363296163
10.630500469356775	(60.6163215637207, 100.38063049316406, -27.766237258911133)	(-0.999874472618103, -0.004252814222127199, -0.015264831483364105)	(-13.355707168579102, 0.04036786034703255, -0.01923714578151703)	-72.5842737075547	0.14395589720240784	0.12958605465428974	0.12958605465428974	0	0	13.403339208793344	48	False	0	0	0.6322518779586674	0.04363810355431963
10.733250472694635	(59.25819396972656, 100.40977478027344, -27.766345977783203)	(-0.9993351101875305, 0.03209654614329338, -0.01729850471019745)	(-12.958683013916016, 0.5208640694618225, 0.04619879275560379)	-76.53038078724315	0.15177106546663727	0.09176148892889557	0.09176148892889557	0	0	12.983133351683174	47	False	0	0	0.4107346505215883	0.10716966542520001
10.841500476002693	(57.84114456176758, 100.49810028076172, -27.766061782836914)	(-0.9972861409187317, 0.07144325226545334, -0.017786838114261627)	(-12.67151165008545, 1.0680264234542847, -0.010392492637038231)	-80.19085545267981	0.15871581768043777	0	0	0	0	12.97237927047998	46	False	0	0	0.2280875845694228	0.18336165639882818
10.95675048045814	(56.3978271484375, 100.6525650024414, -27.7654972076416)	(-0.993317186832428, 0.11407772451639175, -0.017531028017401695)	(-12.397612571716309, 1.6006349325180054, 0.043791189789772034)	-83.2983706510634	0.1643199226365648	0	0	0	0	12.742798094486552	45	False	0	0	0.12823982679095236	0.2360911531368104
11.073000483214855	(54.958030700683594, 100.87553405761719, -27.764892578125)	(-0.9871475696563721, 0.15883196890354156, -0.017666101455688477)	(-12.100458145141602, 2.179003953933716, -0.004538004286587238)	-85.68250762136495	0.1684858582393018	0	0	0	0	12.55874456692408	44	False	0	0	0.15301803257898272	0.24521180443710133
11.191750487312675	(53.535648345947266, 101.16650390625, -27.764677047729492)	(-0.9785719513893127, 0.20516420900821686, -0.017446942627429962)	(-11.75937271118164, 2.6897389888763428, 0.015837466344237328)	-86.83922460454035	0.17114206833928244	0	0	0	0	12.242078984391247	43	False	0	0	0.22852163069829556	0.21967898235315808
11.309000492095947	(52.2057991027832, 101.50609588623047, -27.76464080810547)	(-0.9680336117744446, 0.25022637844085693, -0.017255816608667374)	(-11.446175575256348, 3.2290396690368652, -0.00038197339745238423)	-85.74745652842863	0.16677802889023913	0	0	0.0775188358266312	0.0775188358266312	12.039063143488548	43	False	0	0	0.31581415863263285	0.1807801063332214
11.419000497087836	(50.9776496887207, 101.87833404541016, -27.764286041259766)	(-0.9564141035079956, 0.29158779978752136, -0.015769656747579575)	(-11.242690086364746, 3.6755173206329346, -0.030351897701621056)	-82.45694453988413	0.16035347007080686	0	0	0.13234785156138548	0.13234785156138548	12.090466789481166	43	False	0	0	0.39901233113964363	0.14081002886407123
11.519000502303243	(49.867881774902344, 102.26406860351562, -27.763591766357422)	(-0.9447347521781921, 0.32757267355918884, -0.013125658966600895)	(-11.176116943359375, 4.099375247955322, 0.024611542001366615)	-79.80971016742235	0.15545038945201478	0	0	0.12477700970655008	0.12477700970655008	12.284562497165204	43	False	0	0	0.477496271892317	0.10423307005982319
11.616250505670905	(48.79133605957031, 102.68203735351562, -27.76354217529297)	(-0.932624340057373, 0.3606712520122528, -0.011317581869661808)	(-11.015928268432617, 4.475692272186279, 0.03449421375989914)	-77.46849404952653	0.15080413037128673	0	0	0.1465385233401821	0.1465385233401821	12.28933698389786	43	False	0	0	0.5504906016141604	0.07136494055481812
11.711750507354736	(47.742576599121094, 103.13150024414062, -27.763267517089844)	(-0.9198088049888611, 0.39223113656044006, -0.010313515551388264)	(-10.898832321166992, 4.904163360595703, 0.013010465539991856)	-74.84384153105022	0.14557370367989184	0	0	0.15528809193607462	0.15528809193607462	12.222247348730733	43	False	0	0	0.6173320377216185	0.04366070149782886
11.817750511690974	(46.56388854980469, 103.68586730957031, -27.762958526611328)	(-0.9045983552932739, 0.42616668343544006, -0.009150492027401924)	(-10.769309997558594, 5.3180952072143555, -0.03726513683795929)	-71.76174110129932	0.13941757086946838	0	0	0.17139296938688023	0.17139296938688023	12.197282731378934	43	False	0	0	0.6902291031110213	0.018799803223495948
11.918500515632331	(45.50350570678711, 104.22978973388672, -27.762699127197266)	(-0.8901097774505615, 0.4556683897972107, -0.008409872651100159)	(-10.647422790527344, 5.676874160766602, 0.0001386335352435708)	-69.10021173188059	0.1342512682797861	0	0	0.17042758312107942	0.17042758312107942	12.370742930552808	43	False	0	0	0.7493698958190269	0.0036130206502194007
12.026000519283116	(44.341156005859375, 104.87542724609375, -27.762432098388672)	(-0.8735681772232056, 0.48664072155952454, -0.007711701560765505)	(-10.53656005859375, 6.076900482177734, -0.022212613373994827)	-65.90929027341947	0.12796300701615976	0	0	0.18121514380793818	0.18121514380793818	12.34769603285361	44	False	0	0	0.8038481445007735	0.0
12.14250052627176	(43.09380340576172, 105.62618255615234, -27.762414932250977)	(-0.8552184700965881, 0.5182186365127563, -0.007121113128960133)	(-10.384838104248047, 6.498562812805176, 0.005936106666922569)	-62.84333237411298	0.12180340522353257	0	0	0.19256895386092973	0.19256895386092973	12.55293683234359	44	False	0	0	0.8570219272734148	0.0
12.261750533245504	(41.875633239746094, 106.41807556152344, -27.762243270874023)	(-0.836487352848053, 0.5479481220245361, -0.006461844313889742)	(-10.25861930847168, 6.912445545196533, -0.0026713628321886063)	-59.603573482097985	0.11574116239027578	0	0	0.18580536346304422	0.18580536346304422	12.53681289601182	45	False	0	0	0.894757789787799	0.0
12.376000539399683	(40.71672439575195, 107.22582244873047, -27.762290954589844)	(-0.8183997273445129, 0.5746166706085205, -0.006114341784268618)	(-10.125640869140625, 7.27605676651001, -0.011511102318763733)	-57.066916171109874	0.11112382358230319	0	0	0.19661602229547392	0.19661602229547392	12.748883833462614	45	False	0	0	0.9228262076970428	0.0
12.485500547103584	(39.650474548339844, 108.01714324951172, -27.76239013671875)	(-0.801146388053894, 0.598440408706665, -0.005793021060526371)	(-9.996623992919922, 7.631747245788574, 0.021610934287309647)	-54.850850488796674	0.10665482378258997	0	0	0.20368143372819175	0.20368143372819175	12.9180299298452	45	False	0	0	0.9369169980724288	0.0
12.584000550210476	(38.67852783203125, 108.77881622314453, -27.76250648498535)	(-0.785081684589386, 0.6193686723709106, -0.005401261616498232)	(-9.885819435119629, 7.950132369995117, -0.0427219495177269)	-52.87225399960541	0.10298418004722111	0	0	0.20857198094750717	0.20857198094750717	12.92177864944777	46	False	0	0	0.9428041584369986	0.0
12.68250055424869	(37.71053695678711, 109.57715606689453, -27.762470245361328)	(-0.7688755989074707, 0.6393784284591675, -0.00503600062802434)	(-9.76382064819336, 8.266561508178711, -0.009800659492611885)	-51.33887369038461	0.1001642168502934	0	0	0.2070703554869707	0.2070703554869707	13.101276912766272	46	False	0	0	0.9409064858605516	0.0
12.777750559151173	(36.80589294433594, 110.36076354980469, -27.762527465820312)	(-0.7533804178237915, 0.6575650572776794, -0.00509739201515913)	(-9.639384269714355, 8.545879364013672, 0.009233151562511921)	-49.91803244496397	0.09730662289352424	0	0	0.20823627674755615	0.20823627674755615	13.238048556279237	46	False	0	0	0.9296974432466485	0.0
12.877500561997294	(35.81727981567383, 111.25911712646484, -27.76272964477539)	(-0.7362642288208008, 0.6766771078109741, -0.004793715197592974)	(-9.508574485778809, 8.835225105285645, 0.007250631228089333)	-48.787908731779865	0.09545504353263665	0	0	0.20270366626801004	0.20270366626801004	13.237621155527414	47	False	0	0	0.9094772555113826	0.0
12.983500566333532	(34.80343246459961, 112.22834014892578, -27.762880325317383)	(-0.7183140516281128, 0.695702850818634, -0.004745206329971552)	(-9.351000785827637, 9.181255340576172, -0.0032917161006480455)	-48.10127801862743	0.09405970609055024	0	0	0.21883663758479696	0.21883663758479696	13.424326605234398	47	False	0	0	0.8843257594918401	0.0
13.092500571161509	(33.787784576416016, 113.2511215209961, -27.76283073425293)	(-0.6995089054107666, 0.7146093249320984, -0.004570355638861656)	(-9.196683883666992, 9.497125625610352, -0.007452703546732664)	-47.60723659902482	0.09308525771219647	0	0	0.2116413917122407	0.2116413917122407	13.481558934017084	48	False	0	0	0.8650115331728598	0.0
13.206000573933125	(32.7523193359375, 114.35051727294922, -27.76295280456543)	(-0.6796280145645142, 0.7335419058799744, -0.0047023422084748745)	(-8.995461463928223, 9.82896900177002, 0.008959909901022911)	-47.014123230076066	0.09193215757346287	0	0	0.21732561761634167	0.21732561761634167	13.584016323672149	48	False	0	0	0.8559543036944477	0.0
13.317750580608845	(31.760391235351562, 115.46180725097656, -27.762956619262695)	(-0.6596719026565552, 0.7515392303466797, -0.00464852899312973)	(-8.82491397857666, 10.150294303894043, -0.008119441568851471)	-46.440768428497464	0.09085349135537386	0	0	0.21083167046825466	0.21083167046825466	13.758074483661504	48	False	0	0	0.8560641439946017	0.0
13.435750586912036	(30.71665382385254, 116.6973648071289, -27.763118743896484)	(-0.6377415060997009, 0.7702367305755615, -0.004583430476486683)	(-8.615118026733398, 10.486363410949707, 0.005471955053508282)	-45.66555706270009	0.0893685342284301	0	0	0.21532986298130305	0.21532986298130305	13.894523606771662	49	False	0	0	0.8593325370726983	0.0
13.553250592201948	(29.711668014526367, 117.95698547363281, -27.763315200805664)	(-0.6157193183898926, 0.7879509329795837, -0.004797548055648804)	(-8.382597923278809, 10.812692642211914, -0.00024621887132525444)	-44.945461155327465	0.08778263083775328	0	0	0.21620967424685256	0.21620967424685256	13.975207429578642	49	False	0	0	0.8668107993375347	0.0
13.680000599473715	(28.66376495361328, 119.3510971069336, -27.763629913330078)	(-0.591544508934021, 0.8062562346458435, -0.005085635464638472)	(-8.094161033630371, 11.106728553771973, -0.03569144755601883)	-43.921421836477236	0.0853884213304161	0	0	0	0.23227224988845543	14.053154231972544	49	False	0	0	0.8759980352046564	0.0
13.792500605806708	(27.794265747070312, 120.57556915283203, -27.764650344848633)	(-0.570594847202301, 0.8212004899978638, -0.007157110143452883)	(-7.787425518035889, 11.269980430603027, 0.015369078144431114)	-42.27312769695253	0.08227457068586125	0	0	0	0.30854787614507523	13.922693520839648	49	False	0	0	0.8810059408990059	0.0
13.907500611618161	(26.903295516967773, 121.90155029296875, -27.765304565429688)	(-0.5485067963600159, 0.8360993266105652, -0.008842716924846172)	(-7.4794769287109375, 11.440579414367676, -0.008082150481641293)	-40.604987457451806	0.07886356055859231	0	0	0	0.3824137518940165	13.922353873026756	49	False	0	0	0.8836240737497696	0.0
14.023250615224242	(26.065109252929688, 123.22107696533203, -27.76555824279785)	(-0.5273808836936951, 0.8495734930038452, -0.009712819010019302)	(-7.164530277252197, 11.595190048217773, 0.024768156930804253)	-38.972492981802986	0.07569797553998436	0	0	0	0.4477456873608008	13.842175824098515	49	False	0	0	0.8811498469037577	0.0
14.139250619336963	(25.235511779785156, 124.60122680664062, -27.7641658782959)	(-0.5064268708229065, 0.86225426197052, -0.00703502306714654)	(-7.069833755493164, 12.051263809204102, -0.012295272201299667)	-37.84225455317997	0.074276937005645	0	0	0	0.3524232881090721	14.17890668662349	50	False	0	0	0.8741749637838705	0.0
14.259250624105334	(24.40338134765625, 126.06534576416016, -27.764766693115234)	(-0.4852679371833801, 0.8743375539779663, -0.006994184572249651)	(-6.774617671966553, 12.241504669189453, -0.022974949330091476)	-36.917426787123155	0.0720493658628575	0	0	0.41746170838870916	0.41746170838870916	14.731856274225025	50	False	0	0	0.8609348190410595	0.0
14.382500628009439	(23.57139778137207, 127.61966705322266, -27.764034271240234)	(-0.4625287652015686, 0.8865987062454224, -0.0031352639198303223)	(-6.583082675933838, 12.678655624389648, 0.009125575423240662)	-35.87977130939566	0.06968971435696272	0	0	0.286642928018607	0.286642928018607	14.683427839256101	51	False	0	0	0.8415263416370815	0.0
14.510500635951757	(22.73832130432129, 129.27442932128906, -27.764142990112305)	(-0.44044744968414307, 0.8977758884429932, -0.00209282455034554)	(-6.348848342895508, 13.007649421691895, 0.0010636781807988882)	-34.65191436581664	0.06747041934739983	0	0	0.2214235220601914	0.2214235220601914	14.813188750047345	52	False	0	0	0.8140343397902845	0.0
14.637500641867518	(21.964855194091797, 130.90757751464844, -27.76447868347168)	(-0.4193233251571655, 0.9078328609466553, -0.0027221341151744127)	(-6.1043195724487305, 13.253135681152344, -0.010375319048762321)	-33.42993813903685	0.06484217069841341	0	0	0.17181530915655535	0.17181530915655535	14.900832343221422	53	False	0	0	0.7814710871342863	0.0
14.744500648230314	(21.34806251525879, 132.28338623046875, -27.764925003051758)	(-0.4019227623939514, 0.9156656265258789, -0.003821949940174818)	(-5.8806939125061035, 13.460105895996094, 0.0036931990180164576)	-31.700162252699087	0.06142330641362889	0	0	0.15420435767767865	0.15420435767767865	15.028215584384487	53	False	0	0	0.7597660258427981	0.0
14.846000652760267	(20.769264221191406, 133.63877868652344, -27.7652645111084)	(-0.3853999078273773, 0.9227368235588074, -0.004864997696131468)	(-5.667688369750977, 13.595858573913574, 0.00827418640255928)	-29.869902951187637	0.05785318834271881	0	0	0.144773113437093	0.144773113437093	14.969553143341113	53	False	0	0	0.7694917867334359	0.0
14.953250657767057	(20.154565811157227, 135.1521453857422, -27.76569175720215)	(-0.36802661418914795, 0.9297965168952942, -0.005904030054807663)	(-5.432734966278076, 13.728860855102539, -0.0161319337785244)	-27.9501895794339	0.05398028294860999	0	0	0.12024060723420829	0.12024060723420829	15.051200629767909	53	False	0	0	0.8116377711543918	0.0
15.075500663369894	(19.484678268432617, 136.89620971679688, -27.76639175415039)	(-0.3491806387901306, 0.937028169631958, -0.007140408735722303)	(-5.149731159210205, 13.8245210647583, -0.01908678561449051)	-25.6283328920479	0.04917068230014513	0	0	0	0	14.81698016239315	53	False	0	0	0.8887556945313595	0.0
15.203000668436289	(18.853939056396484, 138.63540649414062, -27.768218994140625)	(-0.33161652088165283, 0.9433567523956299, -0.010417990386486053)	(-4.841660976409912, 13.747417449951172, 0.0007892763242125511)	-22.793491171491535	0.04360394603782416	0	0	0	0	14.748766597087352	52	False	0	0	0.9886459380477146	0.0
15.326250672340393	(18.280080795288086, 140.30538940429688, -27.769638061523438)	(-0.31653836369514465, 0.9484861493110657, -0.013322677463293076)	(-4.488883018493652, 13.367572784423828, -0.016787799075245857)	-19.776859703582815	0.03734177826065436	0.34389944986538906	0.34389944986538906	0	0	13.984483579278733	51	False	0	0	1.0954172982273378	0.0
15.447500679641962	(17.763879776000977, 141.88165283203125, -27.772762298583984)	(-0.30433788895606995, 0.9523903727531433, -0.018194150179624557)	(-4.042497158050537, 12.654648780822754, -0.026159701868891716)	-17.335838894461297	0.03303976948290033	0.43047507355506176	0.43047507355506176	0	0	13.134743887014027	48	False	0	0	1.2021584751503915	0.0
15.56900068372488	(17.29572296142578, 143.3728485107422, -27.77515411376953)	(-0.29385796189308167, 0.9556125402450562, -0.021262431517243385)	(-3.6532435417175293, 11.840391159057617, -0.025108858942985535)	-14.98552746895018	0.02856349439997716	0.41111031099081496	0.41111031099081496	0	0	12.136177971775123	45	False	0	0	1.3030789549690658	0.0
15.692750690504909	(16.86470603942871, 144.79928588867188, -27.775978088378906)	(-0.2859267294406891, 0.9579925537109375, -0.02227449044585228)	(-3.287400245666504, 11.065744400024414, -0.012095232494175434)	-13.349704951115335	0.025713269205095063	0.37788629075869257	0.37788629075869257	0	0	11.313613780285403	42	False	0	0	1.3955254934446244	0.0
15.808250695466995	(16.51723289489746, 145.98487854003906, -27.776161193847656)	(-0.2802211344242096, 0.9596724510192871, -0.022467462345957756)	(-2.9886584281921387, 10.320037841796875, -6.11972063779831e-05)	-12.485807826860869	0.024143524887121282	0.44547645063947794	0.44547645063947794	0	0	10.613227777977992	39	False	0	0	1.4669309994336255	0.0
15.91775070130825	(16.202241897583008, 147.08566284179688, -27.776533126831055)	(-0.2749810814857483, 0.9611737132072449, -0.02303144335746765)	(-2.689154624938965, 9.508038520812988, -0.005398011300712824)	-11.496992565185348	0.022112768998398716	0.4259688577331106	0.4259688577331106	0	0	9.787835970689429	36	False	0	0	1.5277796186616266	0.0
16.0302507057786	(15.915719985961914, 148.10818481445312, -27.77659797668457)	(-0.2700871229171753, 0.9625603556632996, -0.023032687604427338)	(-2.431302070617676, 8.741023063659668, 0.0034273744095116854)	-10.216589891723192	0.01934127436086617	0.3984067789401799	0.3984067789401799	0	0	8.96938419847019	33	False	0	0	1.577664781734174	0.0
16.13400070928037	(15.677825927734375, 148.97055053710938, -27.776302337646484)	(-0.26648247241973877, 0.963569700717926, -0.022814223542809486)	(-2.206453323364258, 8.131629943847656, -0.020241569727659225)	-8.768414723230208	0.016664444204178022	0.36423032319036097	0.36423032319036097	0	0	8.327477710424585	30	False	0	0	1.614248924370676	0.0
